Workbook

Sheet Sales Data
A1: Order ID | B1: Order DateRegion | C1: Region | D1: Salesperson | E1: Product | F1: Quantity | G1: Unit Price | H1: Revenue
A2: S001 | B2: 46027 | C2: Gauteng | D2: Thabo | E2: Laptop | F2: 2 | G2: 8500 | H2: =F2*G2 -> 17000
A3: S002 | B3: 46029 | C3: Mpumalanga | D3: Lerato | E3: Printer | F3: 3 | G3: 4200 | H3: =F3*G3 -> 12600
A4: S003 | B4: 46032 | C4: Limpopo | D4: Kabelo | E4: Monitor | F4: 4 | G4: 3800 | H4: =F4*G4 -> 15200
A5: S004 | B5: 46034 | C5: Gauteng | D5: Naledi | E5: Keyboard | F5: 10 | G5: 650 | H5: =F5*G5 -> 6500
A6: S005 | B6: 46037 | C6: North West | D6: Thabo | E6: Mouse | F6: 15 | G6: 350 | H6: =F6*G6 -> 5250
A7: S006 | B7: 46040 | C7: Mpumalanga | D7: Lerato | E7: Laptop | F7: 1 | G7: 8500 | H7: =F7*G7 -> 8500
A8: S007 | B8: 46043 | C8: Gauteng | D8: Kabelo | E8: Printer | F8: 5 | G8: 4200 | H8: =F8*G8 -> 21000
A9: S008 | B9: 46046 | C9: Limpopo | D9: Naledi | E9: Monitor | F9: 3 | G9: 3800 | H9: =F9*G9 -> 11400
A10: S009 | B10: 46049 | C10: North West | D10: Thabo | E10: Keyboard | F10: 8 | G10: 650 | H10: =F10*G10 -> 5200
A11: S010 | B11: 46052 | C11: Gauteng | D11: Lerato | E11: Mouse | F11: 20 | G11: 350 | H11: =F11*G11 -> 7000
A12: S011 | B12: 46056 | C12: Mpumalanga | D12: Kabelo | E12: Laptop | F12: 2 | G12: 8500 | H12: =F12*G12 -> 17000
A13: S012 | B13: 46059 | C13: Gauteng | D13: Naledi | E13: Printer | F13: 4 | G13: 4200 | H13: =F13*G13 -> 16800
... A31: S030 | B31: 46111 | C31: Gauteng | D31: Lerato | E31: Mouse | F31: 30 | G31: 350 | H31: =F31*G31 -> 10500

Sheet Sales Analysis
A1: Sales Performance Analysis
A3: Total sale | B3: =SUM(Table1[Revenue]) -> 413650
A4: Total Quantity | B4: =+SUM(Table1[Quantity]) -> 267
A5: Average sale | B5: =AVERAGE(Table1[Revenue]) -> 13788.333
A6: Number of Orders | B6: =COUNTA(Table1[Order ID]) -> 30
A9: Product Performance
A11: Product | B11: Total Quantity | C11: Total Sales
A12: Laptop | B12: =SUMIF('Sales Data'!E$2:E$31,A12,'Sales Data'!F$2:F$31) -> 11 | C12: =SUMIF('Sales Data'!E$2:E$31,A12,'Sales Data'!H$2:H$31) -> 93500
A13: Printer | B13: =SUMIF('Sales Data'!E$2:E$31,A13,'Sales Data'!F$2:F$31) -> 33 | C13: =SUMIF('Sales Data'!E$2:E$31,A13,'Sales Data'!H$2:H$31) -> 138600
A14: Monitor | B14: =SUMIF('Sales Data'!E$2:E$31,A14,'Sales Data'!F$2:F$31) -> 24 | C14: =SUMIF('Sales Data'!E$2:E$31,A14,'Sales Data'!H$2:H$31) -> 91200
A15: Keyboard | B15: =SUMIF('Sales Data'!E$2:E$31,A15,'Sales Data'!F$2:F$31) -> 69 | C15: =SUMIF('Sales Data'!E$2:E$31,A15,'Sales Data'!H$2:H$31) -> 44850
A16: Mouse | B16: =SUMIF('Sales Data'!E$2:E$31,A16,'Sales Data'!F$2:F$31) -> 130 | C16: =SUMIF('Sales Data'!E$2:E$31,A16,'Sales Data'!H$2:H$31) -> 45500
A19: Regional Performance
A21: Region | B21: Total Quantity | C21: Total Sales
A22: Gauteng | B22: =SUMIF('Sales Data'!C$2:C$31,A22,'Sales Data'!F$2:F$31) -> 157 | C22: =SUMIF('Sales Data'!C$2:C$31,A22,'Sales Data'!H$2:H$31) -> 189750
A23: Mpumalanga | B23: =SUMIF('Sales Data'!C$2:C$31,A23,'Sales Data'!F$2:F$31) -> 12 | C23: =SUMIF('Sales Data'!C$2:C$31,A23,'Sales Data'!H$2:H$31) -> 89100
A24: Limpopo | B24: =SUMIF('Sales Data'!C$2:C$31,A24,'Sales Data'!F$2:F$31) -> 24 | C24: =SUMIF('Sales Data'!C$2:C$31,A24,'Sales Data'!H$2:H$31) -> 91200
A25: North West | B25: =SUMIF('Sales Data'!C$2:C$31,A25,'Sales Data'!F$2:F$31) -> 74 | C25: =SUMIF('Sales Data'!C$2:C$31,A25,'Sales Data'!H$2:H$31) -> 43600
A28: Monthly Sales Trend
A30: Monthly Sales Trend | B30: Total Sales
A31: January | B31: =SUMIFS('Sales Data'!H$2:H$31,'Sales Data'!B$2:B$31,">="&DATE(2026,1,1),'Sales Data'!B$2:B$31,"<"&DATE(2026,2,1)) -> 109650
A32: February | B32: =SUMIFS('Sales Data'!H$2:H$31,'Sales Data'!B$2:B$31,">="&DATE(2026,2,1),'Sales Data'!B$2:B$31,"<"&DATE(2026,3,1)) -> 134950
A33: March | B33: =SUMIFS('Sales Data'!H$2:H$31,'Sales Data'!B$2:B$31,">="&DATE(2026,3,1),'Sales Data'!B$2:B$31,"<"&DATE(2026,4,1)) -> 169050
